month,plan,country,active_customers,mrr,new_mrr,churned_mrr
2024-06-01,Enterprise,United States,77,127766.84,16609.69,3513.59
2024-06-01,Enterprise,Canada,49,90865.35,11812.5,2498.8
2024-06-01,Enterprise,United Kingdom,59,107771.9,14010.35,2963.73
2024-06-01,Enterprise,Germany,62,116437.3,15136.85,3202.03
2024-06-01,Enterprise,France,52,96210.68,12507.39,2645.79
2024-06-01,Enterprise,Netherlands,40,74830.59,9727.98,2057.84
2024-06-01,Enterprise,India,49,87036.13,11314.7,2393.49
2024-06-01,Enterprise,Australia,45,75588.82,9826.55,2078.69
2024-06-01,Enterprise,Japan,48,92270.63,11995.18,2537.44
2024-06-01,Enterprise,Brazil,38,65174.53,8472.69,1792.3
2024-06-01,Enterprise,Mexico,32,59601.43,7748.19,1639.04
2024-06-01,Enterprise,Singapore,36,64793.09,8423.1,1781.81
2024-06-01,Business,United States,276,135161.76,17571.03,3716.95
2024-06-01,Business,Canada,180,91162.02,11851.06,2506.96
2024-06-01,Business,United Kingdom,237,116936.88,15201.79,3215.76
2024-06-01,Business,Germany,192,87017.61,11312.29,2392.98
2024-06-01,Business,France,177,85968.21,11175.87,2364.13
2024-06-01,Business,Netherlands,148,74860.37,9731.85,2058.66
2024-06-01,Business,India,200,97410.98,12663.43,2678.8
2024-06-01,Business,Australia,178,86610.78,11259.4,2381.8
2024-06-01,Business,Japan,168,88949.78,11563.47,2446.12
2024-06-01,Business,Brazil,153,78053.45,10146.95,2146.47
2024-06-01,Business,Mexico,116,51713.62,6722.77,1422.12
2024-06-01,Business,Singapore,122,56143.64,7298.67,1543.95
2024-06-01,Starter,United States,1269,64461.12,8379.95,4254.43
2024-06-01,Starter,Canada,774,41319.51,5371.54,2727.09
2024-06-01,Starter,United Kingdom,923,45873.0,5963.49,3027.62
2024-06-01,Starter,Germany,839,40561.41,5272.98,2677.05
2024-06-01,Starter,France,721,36058.27,4687.58,2379.85
2024-06-01,Starter,Netherlands,640,30855.82,4011.26,2036.48
2024-06-01,Starter,India,777,38775.3,5040.79,2559.17
2024-06-01,Starter,Australia,749,36820.84,4786.71,2430.18
2024-06-01,Starter,Japan,748,35857.09,4661.42,2366.57
2024-06-01,Starter,Brazil,577,27917.32,3629.25,1842.54
2024-06-01,Starter,Mexico,487,23299.67,3028.96,1537.78
2024-06-01,Starter,Singapore,550,28388.17,3690.46,1873.62
2024-06-01,Free,United States,3347,0.0,0.0,0.0
2024-06-01,Free,Canada,2038,0.0,0.0,0.0
2024-06-01,Free,United Kingdom,2334,0.0,0.0,0.0
2024-06-01,Free,Germany,2562,0.0,0.0,0.0
2024-06-01,Free,France,2300,0.0,0.0,0.0
2024-06-01,Free,Netherlands,1842,0.0,0.0,0.0
2024-06-01,Free,India,2331,0.0,0.0,0.0
2024-06-01,Free,Australia,1859,0.0,0.0,0.0
2024-06-01,Free,Japan,2355,0.0,0.0,0.0
2024-06-01,Free,Brazil,1631,0.0,0.0,0.0
2024-06-01,Free,Mexico,1469,0.0,0.0,0.0
2024-06-01,Free,Singapore,1465,0.0,0.0,0.0
2024-07-01,Enterprise,United States,84,149642.77,19746.34,4066.38
2024-07-01,Enterprise,Canada,52,89058.54,11751.86,2420.07
2024-07-01,Enterprise,United Kingdom,58,102667.47,13547.64,2789.88
2024-07-01,Enterprise,Germany,59,104774.82,13825.72,2847.14
2024-07-01,Enterprise,France,58,101908.43,13447.48,2769.25
2024-07-01,Enterprise,Netherlands,45,79122.18,10440.69,2150.06
2024-07-01,Enterprise,India,57,100798.39,13301.0,2739.09
2024-07-01,Enterprise,Australia,47,90276.82,11912.62,2453.17
2024-07-01,Enterprise,Japan,50,96398.94,12720.47,2619.54
2024-07-01,Enterprise,Brazil,39,68895.89,9091.26,1872.17
2024-07-01,Enterprise,Mexico,36,58681.18,7743.36,1594.6
2024-07-01,Enterprise,Singapore,34,61244.01,8081.55,1664.24
2024-07-01,Business,United States,308,151266.86,19779.79,4110.51
2024-07-01,Business,Canada,175,79281.54,10366.92,2154.39
2024-07-01,Business,United Kingdom,232,113366.05,14823.84,3080.6
2024-07-01,Business,Germany,200,96331.42,12596.38,2617.7
2024-07-01,Business,France,207,99853.42,13056.92,2713.41
2024-07-01,Business,Netherlands,147,69348.3,9068.04,1884.46
2024-07-01,Business,India,197,95869.28,12535.95,2605.14
2024-07-01,Business,Australia,182,84101.99,10997.25,2285.38
2024-07-01,Business,Japan,177,88535.98,11577.04,2405.87
2024-07-01,Business,Brazil,150,76064.36,9946.24,2066.97
2024-07-01,Business,Mexico,114,52627.28,6881.59,1430.09
2024-07-01,Business,Singapore,141,65107.03,8513.45,1769.21
2024-07-01,Starter,United States,1237,60470.78,7867.77,3943.75
2024-07-01,Starter,Canada,694,36089.95,4695.62,2353.69
2024-07-01,Starter,United Kingdom,901,43241.26,5626.06,2820.08
2024-07-01,Starter,Germany,849,42016.88,5466.76,2740.23
2024-07-01,Starter,France,707,33441.51,4351.03,2180.97
2024-07-01,Starter,Netherlands,591,26578.56,3458.1,1733.38
2024-07-01,Starter,India,852,44250.8,5757.41,2885.92
2024-07-01,Starter,Australia,747,34052.78,4430.56,2220.83
2024-07-01,Starter,Japan,754,37976.05,4941.01,2476.7
2024-07-01,Starter,Brazil,569,28818.93,3749.59,1879.5
2024-07-01,Starter,Mexico,468,21947.42,2855.55,1431.35
2024-07-01,Starter,Singapore,518,24643.67,3206.36,1607.2
2024-07-01,Free,United States,3362,0.0,0.0,0.0
2024-07-01,Free,Canada,1986,0.0,0.0,0.0
2024-07-01,Free,United Kingdom,2538,0.0,0.0,0.0
2024-07-01,Free,Germany,2379,0.0,0.0,0.0
2024-07-01,Free,France,2444,0.0,0.0,0.0
2024-07-01,Free,Netherlands,1759,0.0,0.0,0.0
2024-07-01,Free,India,2206,0.0,0.0,0.0
2024-07-01,Free,Australia,1996,0.0,0.0,0.0
2024-07-01,Free,Japan,2208,0.0,0.0,0.0
2024-07-01,Free,Brazil,1788,0.0,0.0,0.0
2024-07-01,Free,Mexico,1521,0.0,0.0,0.0
2024-07-01,Free,Singapore,1515,0.0,0.0,0.0
2024-08-01,Enterprise,United States,78,143100.65,19163.04,3841.94
2024-08-01,Enterprise,Canada,50,88033.12,11788.78,2363.5
2024-08-01,Enterprise,United Kingdom,62,117513.3,15736.56,3154.98
2024-08-01,Enterprise,Germany,56,104224.34,13957.0,2798.2
2024-08-01,Enterprise,France,56,99082.01,13268.37,2660.14
2024-08-01,Enterprise,Netherlands,45,83323.33,11158.08,2237.05
2024-08-01,Enterprise,India,56,94847.74,12701.35,2546.46
2024-08-01,Enterprise,Australia,51,88743.07,11883.85,2382.56
2024-08-01,Enterprise,Japan,51,91992.99,12319.06,2469.81
2024-08-01,Enterprise,Brazil,43,83233.79,11146.09,2234.65
2024-08-01,Enterprise,Mexico,36,65099.09,8717.62,1747.77
2024-08-01,Enterprise,Singapore,40,72827.72,9752.58,1955.27
2024-08-01,Business,United States,281,131666.46,17317.0,3534.96
2024-08-01,Business,Canada,170,83905.72,11035.43,2252.69
2024-08-01,Business,United Kingdom,241,117340.05,15432.77,3150.33
2024-08-01,Business,Germany,204,101108.82,13298.01,2714.55
2024-08-01,Business,France,183,88734.62,11670.53,2382.33
2024-08-01,Business,Netherlands,149,67659.81,8898.74,1816.52
2024-08-01,Business,India,190,91263.06,12003.08,2450.21
2024-08-01,Business,Australia,171,83525.46,10985.41,2242.48
2024-08-01,Business,Japan,174,85174.01,11202.23,2286.74
2024-08-01,Business,Brazil,142,71662.05,9425.12,1923.97
2024-08-01,Business,Mexico,131,62338.41,8198.86,1673.65
2024-08-01,Business,Singapore,136,65919.2,8669.81,1769.79
2024-08-01,Starter,United States,1248,60484.88,7876.18,3897.33
2024-08-01,Starter,Canada,763,36634.3,4770.42,2360.52
2024-08-01,Starter,United Kingdom,820,40577.91,5283.95,2614.63
2024-08-01,Starter,Germany,854,43262.79,5633.57,2787.63
2024-08-01,Starter,France,791,38960.27,5073.3,2510.4
2024-08-01,Starter,Netherlands,636,31322.36,4078.72,2018.25
2024-08-01,Starter,India,787,36730.06,4782.89,2366.69
2024-08-01,Starter,Australia,676,33003.22,4297.59,2126.56
2024-08-01,Starter,Japan,661,31829.39,4144.74,2050.92
2024-08-01,Starter,Brazil,559,27294.56,3554.23,1758.72
2024-08-01,Starter,Mexico,477,23431.31,3051.16,1509.79
2024-08-01,Starter,Singapore,536,27661.52,3602.01,1782.36
2024-08-01,Free,United States,3510,0.0,0.0,0.0
2024-08-01,Free,Canada,2118,0.0,0.0,0.0
2024-08-01,Free,United Kingdom,2507,0.0,0.0,0.0
2024-08-01,Free,Germany,2578,0.0,0.0,0.0
2024-08-01,Free,France,2373,0.0,0.0,0.0
2024-08-01,Free,Netherlands,1828,0.0,0.0,0.0
2024-08-01,Free,India,2178,0.0,0.0,0.0
2024-08-01,Free,Australia,2043,0.0,0.0,0.0
2024-08-01,Free,Japan,2133,0.0,0.0,0.0
2024-08-01,Free,Brazil,1535,0.0,0.0,0.0
2024-08-01,Free,Mexico,1622,0.0,0.0,0.0
2024-08-01,Free,Singapore,1564,0.0,0.0,0.0
2024-09-01,Enterprise,United States,90,164421.35,22339.86,4360.74
2024-09-01,Enterprise,Canada,53,98636.43,13401.69,2616.01
2024-09-01,Enterprise,United Kingdom,63,118347.88,16079.88,3138.79
2024-09-01,Enterprise,Germany,64,112696.98,15312.09,2988.92
2024-09-01,Enterprise,France,56,102210.25,13887.26,2710.79
2024-09-01,Enterprise,Netherlands,48,86650.73,11773.2,2298.13
2024-09-01,Enterprise,India,62,122862.04,16693.21,3258.51
2024-09-01,Enterprise,Australia,48,79740.16,10834.26,2114.85
2024-09-01,Enterprise,Japan,55,95240.91,12940.34,2525.95
2024-09-01,Enterprise,Brazil,43,72571.35,9860.24,1924.72
2024-09-01,Enterprise,Mexico,37,70185.33,9536.05,1861.44
2024-09-01,Enterprise,Singapore,42,72351.51,9830.37,1918.89
2024-09-01,Business,United States,305,151676.4,20064.15,4022.72
2024-09-01,Business,Canada,201,92871.0,12285.22,2463.1
2024-09-01,Business,United Kingdom,220,110428.02,14607.71,2928.74
2024-09-01,Business,Germany,214,98586.83,13041.32,2614.69
2024-09-01,Business,France,206,92453.46,12229.98,2452.03
2024-09-01,Business,Netherlands,155,77332.12,10229.69,2050.98
2024-09-01,Business,India,200,98978.0,13093.07,2625.07
2024-09-01,Business,Australia,168,83180.21,11003.3,2206.08
2024-09-01,Business,Japan,193,98844.49,13075.41,2621.53
2024-09-01,Business,Brazil,147,69571.67,9203.12,1845.16
2024-09-01,Business,Mexico,125,62567.57,8276.6,1659.4
2024-09-01,Business,Singapore,132,63000.81,8333.91,1670.89
2024-09-01,Starter,United States,1348,68146.06,8881.21,4337.64
2024-09-01,Starter,Canada,751,36039.91,4696.94,2294.02
2024-09-01,Starter,United Kingdom,945,44197.3,5760.06,2813.25
2024-09-01,Starter,Germany,798,37655.46,4907.49,2396.85
2024-09-01,Starter,France,826,40745.73,5310.23,2593.55
2024-09-01,Starter,Netherlands,605,29223.29,3808.56,1860.13
2024-09-01,Starter,India,833,42792.41,5576.97,2723.83
2024-09-01,Starter,Australia,651,33651.37,4385.65,2141.98
2024-09-01,Starter,Japan,778,37072.93,4831.57,2359.77
2024-09-01,Starter,Brazil,577,28833.23,3757.72,1835.3
2024-09-01,Starter,Mexico,491,24191.64,3152.8,1539.85
2024-09-01,Starter,Singapore,515,23460.56,3057.52,1493.32
2024-09-01,Free,United States,4066,0.0,0.0,0.0
2024-09-01,Free,Canada,2158,0.0,0.0,0.0
2024-09-01,Free,United Kingdom,2852,0.0,0.0,0.0
2024-09-01,Free,Germany,2407,0.0,0.0,0.0
2024-09-01,Free,France,2275,0.0,0.0,0.0
2024-09-01,Free,Netherlands,1812,0.0,0.0,0.0
2024-09-01,Free,India,2428,0.0,0.0,0.0
2024-09-01,Free,Australia,1826,0.0,0.0,0.0
2024-09-01,Free,Japan,2225,0.0,0.0,0.0
2024-09-01,Free,Brazil,1733,0.0,0.0,0.0
2024-09-01,Free,Mexico,1517,0.0,0.0,0.0
2024-09-01,Free,Singapore,1534,0.0,0.0,0.0
2024-10-01,Enterprise,United States,96,166907.69,23004.23,4372.26
2024-10-01,Enterprise,Canada,57,109013.4,15024.89,2855.68
2024-10-01,Enterprise,United Kingdom,70,127158.23,17525.72,3330.99
2024-10-01,Enterprise,Germany,66,125572.07,17307.11,3289.44
2024-10-01,Enterprise,France,63,113783.0,15682.27,2980.62
2024-10-01,Enterprise,Netherlands,50,90161.98,12426.67,2361.85
2024-10-01,Enterprise,India,60,111370.03,15349.7,2917.41
2024-10-01,Enterprise,Australia,53,92211.06,12709.09,2415.53
2024-10-01,Enterprise,Japan,52,97389.15,13422.77,2551.17
2024-10-01,Enterprise,Brazil,42,72315.18,9966.92,1894.34
2024-10-01,Enterprise,Mexico,37,68599.32,9454.78,1797.0
2024-10-01,Enterprise,Singapore,38,70164.57,9670.51,1838.01
2024-10-01,Business,United States,321,146765.5,19526.19,3844.62
2024-10-01,Business,Canada,176,83892.52,11161.35,2197.62
2024-10-01,Business,United Kingdom,257,122128.76,16248.44,3199.24
2024-10-01,Business,Germany,234,116641.19,15518.35,3055.49
2024-10-01,Business,France,183,87835.39,11685.93,2300.91
2024-10-01,Business,Netherlands,171,80464.36,10705.26,2107.82
2024-10-01,Business,India,223,102524.75,13640.25,2685.7
2024-10-01,Business,Australia,169,79710.33,10604.94,2088.06
2024-10-01,Business,Japan,197,93120.74,12389.11,2439.36
2024-10-01,Business,Brazil,158,71306.01,9486.8,1867.91
2024-10-01,Business,Mexico,124,62878.88,8365.62,1647.15
2024-10-01,Business,Singapore,123,59786.09,7954.15,1566.14
2024-10-01,Starter,United States,1172,55753.98,7272.26,3505.23
2024-10-01,Starter,Canada,714,32994.62,4303.65,2074.36
2024-10-01,Starter,United Kingdom,951,47707.63,6222.73,2999.36
2024-10-01,Starter,Germany,916,45188.24,5894.12,2840.97
2024-10-01,Starter,France,736,37018.55,4828.51,2327.34
2024-10-01,Starter,Netherlands,594,28062.76,3660.36,1764.29
2024-10-01,Starter,India,907,46408.62,6053.3,2917.69
2024-10-01,Starter,Australia,724,37654.84,4911.5,2367.34
2024-10-01,Starter,Japan,733,36781.95,4797.65,2312.47
2024-10-01,Starter,Brazil,566,27375.26,3570.69,1721.07
2024-10-01,Starter,Mexico,501,26073.03,3400.83,1639.2
2024-10-01,Starter,Singapore,526,26899.52,3508.63,1691.16
2024-10-01,Free,United States,3632,0.0,0.0,0.0
2024-10-01,Free,Canada,1954,0.0,0.0,0.0
2024-10-01,Free,United Kingdom,2840,0.0,0.0,0.0
2024-10-01,Free,Germany,2801,0.0,0.0,0.0
2024-10-01,Free,France,2456,0.0,0.0,0.0
2024-10-01,Free,Netherlands,1800,0.0,0.0,0.0
2024-10-01,Free,India,2334,0.0,0.0,0.0
2024-10-01,Free,Australia,2022,0.0,0.0,0.0
2024-10-01,Free,Japan,2235,0.0,0.0,0.0
2024-10-01,Free,Brazil,1804,0.0,0.0,0.0
2024-10-01,Free,Mexico,1342,0.0,0.0,0.0
2024-10-01,Free,Singapore,1839,0.0,0.0,0.0
2024-11-01,Enterprise,United States,90,157271.42,21983.81,4068.54
2024-11-01,Enterprise,Canada,54,95362.63,13330.04,2466.99
2024-11-01,Enterprise,United Kingdom,78,132839.1,18568.6,3436.49
2024-11-01,Enterprise,Germany,65,123958.21,17327.2,3206.74
2024-11-01,Enterprise,France,61,111357.88,15565.89,2880.78
2024-11-01,Enterprise,Netherlands,49,91682.11,12815.56,2371.78
2024-11-01,Enterprise,India,61,114206.43,15964.07,2954.47
2024-11-01,Enterprise,Australia,56,100133.4,13996.91,2590.41
2024-11-01,Enterprise,Japan,57,106694.42,14914.02,2760.14
2024-11-01,Enterprise,Brazil,47,83358.6,11652.08,2156.45
2024-11-01,Enterprise,Mexico,39,67368.94,9417.01,1742.81
2024-11-01,Enterprise,Singapore,45,85715.19,11981.49,2217.41
2024-11-01,Business,United States,338,164326.1,21987.55,4251.04
2024-11-01,Business,Canada,194,88280.98,11812.38,2283.79
2024-11-01,Business,United Kingdom,232,110414.14,14773.89,2856.37
2024-11-01,Business,Germany,223,109931.86,14709.36,2843.89
2024-11-01,Business,France,197,91921.06,12299.44,2377.96
2024-11-01,Business,Netherlands,176,83539.93,11178.01,2161.14
2024-11-01,Business,India,206,91313.87,12218.19,2362.25
2024-11-01,Business,Australia,172,81896.36,10958.09,2118.62
2024-11-01,Business,Japan,197,88134.65,11792.8,2280.01
2024-11-01,Business,Brazil,153,74484.63,9966.37,1926.88
2024-11-01,Business,Mexico,127,61151.8,8182.38,1581.97
2024-11-01,Business,Singapore,152,70862.99,9481.78,1833.19
2024-11-01,Starter,United States,1129,54529.79,7118.51,3385.59
2024-11-01,Starter,Canada,697,34110.48,4452.9,2117.82
2024-11-01,Starter,United Kingdom,942,47864.9,6248.45,2971.79
2024-11-01,Starter,Germany,879,45588.93,5951.34,2830.48
2024-11-01,Starter,France,788,40259.66,5255.64,2499.6
2024-11-01,Starter,Netherlands,648,32124.38,4193.63,1994.5
2024-11-01,Starter,India,798,39129.64,5108.12,2429.44
2024-11-01,Starter,Australia,690,33430.56,4364.14,2075.6
2024-11-01,Starter,Japan,749,38458.4,5020.49,2387.77
2024-11-01,Starter,Brazil,584,29352.44,3831.77,1822.4
2024-11-01,Starter,Mexico,470,22778.57,2973.59,1414.25
2024-11-01,Starter,Singapore,582,28931.04,3776.76,1796.24
2024-11-01,Free,United States,3346,0.0,0.0,0.0
2024-11-01,Free,Canada,2145,0.0,0.0,0.0
2024-11-01,Free,United Kingdom,2486,0.0,0.0,0.0
2024-11-01,Free,Germany,2444,0.0,0.0,0.0
2024-11-01,Free,France,2375,0.0,0.0,0.0
2024-11-01,Free,Netherlands,2005,0.0,0.0,0.0
2024-11-01,Free,India,2409,0.0,0.0,0.0
2024-11-01,Free,Australia,2047,0.0,0.0,0.0
2024-11-01,Free,Japan,2138,0.0,0.0,0.0
2024-11-01,Free,Brazil,1759,0.0,0.0,0.0
2024-11-01,Free,Mexico,1522,0.0,0.0,0.0
2024-11-01,Free,Singapore,1627,0.0,0.0,0.0
2024-12-01,Enterprise,United States,100,186129.13,26381.78,4754.39
2024-12-01,Enterprise,Canada,60,103554.42,14677.71,2645.14
2024-12-01,Enterprise,United Kingdom,68,125944.56,17851.27,3217.06
2024-12-01,Enterprise,Germany,71,129379.52,18338.14,3304.8
2024-12-01,Enterprise,France,60,111343.63,15781.75,2844.1
2024-12-01,Enterprise,Netherlands,53,94510.19,13395.79,2414.12
2024-12-01,Enterprise,India,68,118103.22,16739.85,3016.77
2024-12-01,Enterprise,Australia,57,94786.02,13434.89,2421.16
2024-12-01,Enterprise,Japan,59,117285.53,16623.95,2995.88
2024-12-01,Enterprise,Brazil,49,94592.66,13407.48,2416.23
2024-12-01,Enterprise,Mexico,42,76445.37,10835.3,1952.68
2024-12-01,Enterprise,Singapore,45,79859.74,11319.25,2039.9
2024-12-01,Business,United States,336,156931.98,21117.59,4008.59
2024-12-01,Business,Canada,193,105796.82,14236.57,2702.42
2024-12-01,Business,United Kingdom,246,116124.42,15626.31,2966.22
2024-12-01,Business,Germany,241,117984.0,15876.54,3013.72
2024-12-01,Business,France,202,92952.1,12508.12,2374.32
2024-12-01,Business,Netherlands,167,78941.33,10622.76,2016.44
2024-12-01,Business,India,217,106016.22,14266.1,2708.02
2024-12-01,Business,Australia,190,88041.11,11847.27,2248.88
2024-12-01,Business,Japan,202,98778.49,13292.15,2523.15
2024-12-01,Business,Brazil,145,70665.59,9509.13,1805.04
2024-12-01,Business,Mexico,131,63964.72,8607.43,1633.88
2024-12-01,Business,Singapore,136,64538.99,8684.7,1648.55
2024-12-01,Starter,United States,1218,56867.5,7429.86,3486.22
2024-12-01,Starter,Canada,749,36303.16,4743.09,2225.54
2024-12-01,Starter,United Kingdom,930,43817.9,5724.9,2686.23
2024-12-01,Starter,Germany,808,37829.82,4942.55,2319.13
2024-12-01,Starter,France,695,33042.08,4317.02,2025.62
2024-12-01,Starter,Netherlands,651,33851.65,4422.79,2075.25
2024-12-01,Starter,India,871,45066.05,5887.98,2762.74
2024-12-01,Starter,Australia,761,40737.19,5322.4,2497.37
2024-12-01,Starter,Japan,756,38567.76,5038.96,2364.37
2024-12-01,Starter,Brazil,614,27160.18,3548.54,1665.04
2024-12-01,Starter,Mexico,506,24910.28,3254.58,1527.11
2024-12-01,Starter,Singapore,559,26885.76,3512.68,1648.21
2024-12-01,Free,United States,3567,0.0,0.0,0.0
2024-12-01,Free,Canada,2277,0.0,0.0,0.0
2024-12-01,Free,United Kingdom,2957,0.0,0.0,0.0
2024-12-01,Free,Germany,2759,0.0,0.0,0.0
2024-12-01,Free,France,2225,0.0,0.0,0.0
2024-12-01,Free,Netherlands,1769,0.0,0.0,0.0
2024-12-01,Free,India,2298,0.0,0.0,0.0
2024-12-01,Free,Australia,2158,0.0,0.0,0.0
2024-12-01,Free,Japan,2318,0.0,0.0,0.0
2024-12-01,Free,Brazil,1959,0.0,0.0,0.0
2024-12-01,Free,Mexico,1437,0.0,0.0,0.0
2024-12-01,Free,Singapore,1586,0.0,0.0,0.0
2025-01-01,Enterprise,United States,116,205640.59,29549.66,5185.72
2025-01-01,Enterprise,Canada,63,106890.47,15359.7,2695.5
2025-01-01,Enterprise,United Kingdom,73,136070.4,19552.72,3431.34
2025-01-01,Enterprise,Germany,76,127926.17,18382.43,3225.96
2025-01-01,Enterprise,France,72,131880.29,18950.62,3325.68
2025-01-01,Enterprise,Netherlands,51,93596.13,13449.36,2360.25
2025-01-01,Enterprise,India,66,111819.31,16067.95,2819.79
2025-01-01,Enterprise,Australia,60,111792.22,16064.06,2819.11
2025-01-01,Enterprise,Japan,66,110819.94,15924.34,2794.59
2025-01-01,Enterprise,Brazil,47,83905.39,12056.84,2115.88
2025-01-01,Enterprise,Mexico,44,83635.83,12018.11,2109.08
2025-01-01,Enterprise,Singapore,44,75272.57,10816.34,1898.18
2025-01-01,Business,United States,338,158998.31,21516.62,4009.52
2025-01-01,Business,Canada,199,99818.61,13508.06,2517.16
2025-01-01,Business,United Kingdom,251,115493.42,15629.27,2912.44
2025-01-01,Business,Germany,216,97349.3,13173.9,2454.9
2025-01-01,Business,France,215,108216.07,14644.46,2728.93
2025-01-01,Business,Netherlands,161,75532.14,10221.47,1904.72
2025-01-01,Business,India,208,99167.11,13419.9,2500.74
2025-01-01,Business,Australia,181,83728.64,11330.67,2111.42
2025-01-01,Business,Japan,212,105635.03,14295.18,2663.84
2025-01-01,Business,Brazil,158,79440.42,10750.36,2003.28
2025-01-01,Business,Mexico,129,63039.07,8530.83,1589.68
2025-01-01,Business,Singapore,138,64066.78,8669.91,1615.6
2025-01-01,Starter,United States,1294,60151.57,7865.47,3640.48
2025-01-01,Starter,Canada,713,33178.65,4338.47,2008.03
2025-01-01,Starter,United Kingdom,852,41641.32,5445.06,2520.21
2025-01-01,Starter,Germany,867,39735.3,5195.82,2404.85
2025-01-01,Starter,France,865,45009.19,5885.44,2724.03
2025-01-01,Starter,Netherlands,606,30082.55,3933.62,1820.65
2025-01-01,Starter,India,824,39144.27,5118.54,2369.08
2025-01-01,Starter,Australia,662,32306.59,4224.44,1955.25
2025-01-01,Starter,Japan,737,37798.27,4942.53,2287.62
2025-01-01,Starter,Brazil,595,27817.88,3637.49,1683.59
2025-01-01,Starter,Mexico,482,23488.85,3071.42,1421.59
2025-01-01,Starter,Singapore,573,26615.34,3480.25,1610.81
2025-01-01,Free,United States,3753,0.0,0.0,0.0
2025-01-01,Free,Canada,2034,0.0,0.0,0.0
2025-01-01,Free,United Kingdom,2666,0.0,0.0,0.0
2025-01-01,Free,Germany,2536,0.0,0.0,0.0
2025-01-01,Free,France,2395,0.0,0.0,0.0
2025-01-01,Free,Netherlands,2225,0.0,0.0,0.0
2025-01-01,Free,India,2407,0.0,0.0,0.0
2025-01-01,Free,Australia,2119,0.0,0.0,0.0
2025-01-01,Free,Japan,2222,0.0,0.0,0.0
2025-01-01,Free,Brazil,1731,0.0,0.0,0.0
2025-01-01,Free,Mexico,1399,0.0,0.0,0.0
2025-01-01,Free,Singapore,1651,0.0,0.0,0.0
2025-02-01,Enterprise,United States,98,167140.44,24344.37,4160.34
2025-02-01,Enterprise,Canada,64,115323.24,16797.08,2870.55
2025-02-01,Enterprise,United Kingdom,72,135694.25,19764.16,3377.61
2025-02-01,Enterprise,Germany,75,132904.52,19357.83,3308.17
2025-02-01,Enterprise,France,65,117274.56,17081.29,2919.12
2025-02-01,Enterprise,Netherlands,53,96533.46,14060.31,2402.84
2025-02-01,Enterprise,India,71,121929.86,17759.35,3034.99
2025-02-01,Enterprise,Australia,56,107491.38,15656.35,2675.6
2025-02-01,Enterprise,Japan,62,119660.33,17428.79,2978.5
2025-02-01,Enterprise,Brazil,51,82108.34,11959.26,2043.78
2025-02-01,Enterprise,Mexico,43,74570.14,10861.3,1856.15
2025-02-01,Enterprise,Singapore,42,75450.67,10989.55,1878.07
2025-02-01,Business,United States,313,148669.65,20232.0,3700.58
2025-02-01,Business,Canada,208,102912.84,14005.1,2561.63
2025-02-01,Business,United Kingdom,246,118239.4,16090.84,2943.13
2025-02-01,Business,Germany,234,109041.91,14839.18,2714.2
2025-02-01,Business,France,198,93035.66,12660.94,2315.78
2025-02-01,Business,Netherlands,173,80098.89,10900.41,1993.77
2025-02-01,Business,India,218,104337.35,14198.95,2597.09
2025-02-01,Business,Australia,182,90853.93,12364.03,2261.47
2025-02-01,Business,Japan,215,103587.91,14096.96,2578.44
2025-02-01,Business,Brazil,152,67097.68,9131.12,1670.15
2025-02-01,Business,Mexico,118,59179.81,8053.6,1473.06
2025-02-01,Business,Singapore,148,69052.87,9397.19,1718.82
2025-02-01,Starter,United States,1139,55183.58,7221.85,3296.62
2025-02-01,Starter,Canada,764,37764.16,4942.18,2256.0
2025-02-01,Starter,United Kingdom,863,47662.25,6237.54,2847.3
2025-02-01,Starter,Germany,889,41192.61,5390.86,2460.81
2025-02-01,Starter,France,789,39153.34,5123.98,2338.99
2025-02-01,Starter,Netherlands,662,32805.83,4293.28,1959.79
2025-02-01,Starter,India,769,38141.63,4991.58,2278.55
2025-02-01,Starter,Australia,682,33485.98,4382.3,2000.42
2025-02-01,Starter,Japan,745,37401.62,4894.73,2234.34
2025-02-01,Starter,Brazil,599,28870.63,3778.29,1724.71
2025-02-01,Starter,Mexico,574,27662.68,3620.2,1652.54
2025-02-01,Starter,Singapore,537,26737.6,3499.14,1597.28
2025-02-01,Free,United States,3836,0.0,0.0,0.0
2025-02-01,Free,Canada,2058,0.0,0.0,0.0
2025-02-01,Free,United Kingdom,2933,0.0,0.0,0.0
2025-02-01,Free,Germany,2672,0.0,0.0,0.0
2025-02-01,Free,France,2188,0.0,0.0,0.0
2025-02-01,Free,Netherlands,1961,0.0,0.0,0.0
2025-02-01,Free,India,2610,0.0,0.0,0.0
2025-02-01,Free,Australia,2153,0.0,0.0,0.0
2025-02-01,Free,Japan,2223,0.0,0.0,0.0
2025-02-01,Free,Brazil,1704,0.0,0.0,0.0
2025-02-01,Free,Mexico,1348,0.0,0.0,0.0
2025-02-01,Free,Singapore,1678,0.0,0.0,0.0
2025-03-01,Enterprise,United States,104,173777.78,25651.11,4268.89
2025-03-01,Enterprise,Canada,70,114842.69,16951.78,2821.14
2025-03-01,Enterprise,United Kingdom,75,138766.0,20483.07,3408.82
2025-03-01,Enterprise,Germany,82,142962.64,21102.53,3511.91
2025-03-01,Enterprise,France,67,118874.09,17546.85,2920.17
2025-03-01,Enterprise,Netherlands,58,100306.18,14806.06,2464.04
2025-03-01,Enterprise,India,74,137691.31,20324.43,3382.42
2025-03-01,Enterprise,Australia,62,111678.78,16484.76,2743.41
2025-03-01,Enterprise,Japan,74,134502.44,19853.73,3304.08
2025-03-01,Enterprise,Brazil,51,95691.85,14124.95,2350.69
2025-03-01,Enterprise,Mexico,47,81979.77,12100.93,2013.85
2025-03-01,Enterprise,Singapore,46,87636.33,12935.88,2152.81
2025-03-01,Business,United States,358,180923.21,24758.95,4444.42
2025-03-01,Business,Canada,217,99191.78,13574.18,2436.67
2025-03-01,Business,United Kingdom,229,114307.33,15642.71,2807.98
2025-03-01,Business,Germany,248,119632.83,16371.49,2938.81
2025-03-01,Business,France,220,102213.32,13987.67,2510.89
2025-03-01,Business,Netherlands,165,78724.02,10773.21,1933.87
2025-03-01,Business,India,229,112527.99,15399.21,2764.27
2025-03-01,Business,Australia,193,94778.43,12970.22,2328.25
2025-03-01,Business,Japan,217,106042.87,14511.74,2604.97
2025-03-01,Business,Brazil,158,81091.46,11097.19,1992.03
2025-03-01,Business,Mexico,129,62332.2,8530.03,1531.2
2025-03-01,Business,Singapore,164,86822.84,11881.52,2132.82
2025-03-01,Starter,United States,1341,64484.92,8446.12,3801.81
2025-03-01,Starter,Canada,670,32160.42,4212.32,1896.07
2025-03-01,Starter,United Kingdom,914,44959.53,5888.72,2650.66
2025-03-01,Starter,Germany,827,39643.51,5192.44,2337.24
2025-03-01,Starter,France,788,38689.44,5067.48,2280.99
2025-03-01,Starter,Netherlands,685,34339.41,4497.72,2024.53
2025-03-01,Starter,India,850,40746.81,5336.95,2402.29
2025-03-01,Starter,Australia,718,32522.09,4259.69,1917.39
2025-03-01,Starter,Japan,736,33816.32,4429.2,1993.69
2025-03-01,Starter,Brazil,600,30053.58,3936.37,1771.85
2025-03-01,Starter,Mexico,507,26406.43,3458.67,1556.83
2025-03-01,Starter,Singapore,532,25962.3,3400.5,1530.65
2025-03-01,Free,United States,3679,0.0,0.0,0.0
2025-03-01,Free,Canada,2396,0.0,0.0,0.0
2025-03-01,Free,United Kingdom,3045,0.0,0.0,0.0
2025-03-01,Free,Germany,2743,0.0,0.0,0.0
2025-03-01,Free,France,2411,0.0,0.0,0.0
2025-03-01,Free,Netherlands,2112,0.0,0.0,0.0
2025-03-01,Free,India,2401,0.0,0.0,0.0
2025-03-01,Free,Australia,1928,0.0,0.0,0.0
2025-03-01,Free,Japan,2261,0.0,0.0,0.0
2025-03-01,Free,Brazil,1838,0.0,0.0,0.0
2025-03-01,Free,Mexico,1545,0.0,0.0,0.0
2025-03-01,Free,Singapore,1584,0.0,0.0,0.0
2025-04-01,Enterprise,United States,106,196829.96,29438.92,4770.99
2025-04-01,Enterprise,Canada,62,107565.04,16087.99,2607.28
2025-04-01,Enterprise,United Kingdom,83,150086.95,22447.79,3637.98
2025-04-01,Enterprise,Germany,76,145634.98,21781.93,3530.07
2025-04-01,Enterprise,France,76,129960.29,19437.54,3150.12
2025-04-01,Enterprise,Netherlands,63,115495.6,17274.12,2799.51
2025-04-01,Enterprise,India,77,142966.17,21382.77,3465.38
2025-04-01,Enterprise,Australia,60,102582.63,15342.79,2486.51
2025-04-01,Enterprise,Japan,70,122326.08,18295.73,2965.08
2025-04-01,Enterprise,Brazil,62,109552.38,16385.23,2655.45
2025-04-01,Enterprise,Mexico,48,83042.27,12420.24,2012.87
2025-04-01,Enterprise,Singapore,55,106729.95,15963.09,2587.04
2025-04-01,Business,United States,317,154309.3,21234.3,3740.32
2025-04-01,Business,Canada,203,103686.18,14268.12,2513.26
2025-04-01,Business,United Kingdom,224,106062.02,14595.06,2570.85
2025-04-01,Business,Germany,251,118600.12,16320.41,2874.76
2025-04-01,Business,France,207,93389.81,12851.25,2263.69
2025-04-01,Business,Netherlands,180,85381.77,11749.27,2069.58
2025-04-01,Business,India,210,100969.94,13894.34,2447.42
2025-04-01,Business,Australia,189,91378.39,12574.46,2214.93
2025-04-01,Business,Japan,214,106964.25,14719.21,2592.72
2025-04-01,Business,Brazil,166,76190.99,10484.54,1846.8
2025-04-01,Business,Mexico,137,64533.06,8880.31,1564.23
2025-04-01,Business,Singapore,159,73889.54,10167.84,1791.02
2025-04-01,Starter,United States,1334,65043.81,8526.4,3783.85
2025-04-01,Starter,Canada,757,36292.91,4757.53,2111.3
2025-04-01,Starter,United Kingdom,974,46429.95,6086.36,2701.01
2025-04-01,Starter,Germany,945,46950.11,6154.55,2731.27
2025-04-01,Starter,France,810,40488.5,5307.51,2355.37
2025-04-01,Starter,Netherlands,615,31796.44,4168.1,1849.72
2025-04-01,Starter,India,762,37371.81,4898.96,2174.06
2025-04-01,Starter,Australia,743,37839.65,4960.28,2201.28
2025-04-01,Starter,Japan,727,34811.13,4563.29,2025.1
2025-04-01,Starter,Brazil,588,27555.44,3612.16,1603.01
2025-04-01,Starter,Mexico,497,23397.99,3067.17,1361.15
2025-04-01,Starter,Singapore,562,27212.25,3567.17,1583.04
2025-04-01,Free,United States,3643,0.0,0.0,0.0
2025-04-01,Free,Canada,2265,0.0,0.0,0.0
2025-04-01,Free,United Kingdom,2620,0.0,0.0,0.0
2025-04-01,Free,Germany,2701,0.0,0.0,0.0
2025-04-01,Free,France,2399,0.0,0.0,0.0
2025-04-01,Free,Netherlands,1905,0.0,0.0,0.0
2025-04-01,Free,India,2345,0.0,0.0,0.0
2025-04-01,Free,Australia,2127,0.0,0.0,0.0
2025-04-01,Free,Japan,2257,0.0,0.0,0.0
2025-04-01,Free,Brazil,1775,0.0,0.0,0.0
2025-04-01,Free,Mexico,1685,0.0,0.0,0.0
2025-04-01,Free,Singapore,1819,0.0,0.0,0.0
2025-05-01,Enterprise,United States,109,206899.49,31349.77,4947.6
2025-05-01,Enterprise,Canada,67,130880.69,19831.27,3129.76
2025-05-01,Enterprise,United Kingdom,88,166841.96,25280.18,3989.7
2025-05-01,Enterprise,Germany,74,133675.53,20254.75,3196.59
2025-05-01,Enterprise,France,71,135828.26,20580.93,3248.07
2025-05-01,Enterprise,Netherlands,58,104032.25,15763.15,2487.73
2025-05-01,Enterprise,India,73,122349.02,18538.54,2925.74
2025-05-01,Enterprise,Australia,68,120024.78,18186.36,2870.16
2025-05-01,Enterprise,Japan,71,122156.55,18509.37,2921.13
2025-05-01,Enterprise,Brazil,55,95080.34,14406.74,2273.66
2025-05-01,Enterprise,Mexico,45,81028.15,12277.53,1937.63
2025-05-01,Enterprise,Singapore,49,89622.5,13579.76,2143.15
2025-05-01,Business,United States,324,151949.1,21025.13,3633.57
2025-05-01,Business,Canada,217,100466.61,13901.52,2402.46
2025-05-01,Business,United Kingdom,232,116356.13,16100.15,2782.43
2025-05-01,Business,Germany,240,109753.89,15186.6,2624.55
2025-05-01,Business,France,204,99473.91,13764.16,2378.72
2025-05-01,Business,Netherlands,168,74736.21,10341.22,1787.17
2025-05-01,Business,India,236,113510.0,15706.33,2714.37
2025-05-01,Business,Australia,204,95096.33,13158.44,2274.04
2025-05-01,Business,Japan,212,97142.82,13441.61,2322.98
2025-05-01,Business,Brazil,162,77794.7,10764.42,1860.31
2025-05-01,Business,Mexico,141,70359.97,9735.68,1682.52
2025-05-01,Business,Singapore,159,73218.15,10131.16,1750.87
2025-05-01,Starter,United States,1203,60483.67,7935.19,3471.24
2025-05-01,Starter,Canada,784,39138.63,5134.82,2246.22
2025-05-01,Starter,United Kingdom,901,44553.35,5845.21,2556.97
2025-05-01,Starter,Germany,927,47978.94,6294.63,2753.57
2025-05-01,Starter,France,761,35873.57,4706.46,2058.83
2025-05-01,Starter,Netherlands,647,30947.22,4060.14,1776.1
2025-05-01,Starter,India,829,39223.84,5146.0,2251.11
2025-05-01,Starter,Australia,730,36531.84,4792.82,2096.61
2025-05-01,Starter,Japan,813,41929.27,5500.94,2406.38
2025-05-01,Starter,Brazil,606,28670.14,3761.4,1645.42
2025-05-01,Starter,Mexico,529,25267.97,3315.05,1450.16
2025-05-01,Starter,Singapore,515,24933.68,3271.19,1430.98
2025-05-01,Free,United States,3593,0.0,0.0,0.0
2025-05-01,Free,Canada,2400,0.0,0.0,0.0
2025-05-01,Free,United Kingdom,2777,0.0,0.0,0.0
2025-05-01,Free,Germany,2721,0.0,0.0,0.0
2025-05-01,Free,France,2412,0.0,0.0,0.0
2025-05-01,Free,Netherlands,1914,0.0,0.0,0.0
2025-05-01,Free,India,2717,0.0,0.0,0.0
2025-05-01,Free,Australia,2024,0.0,0.0,0.0
2025-05-01,Free,Japan,2245,0.0,0.0,0.0
2025-05-01,Free,Brazil,1861,0.0,0.0,0.0
2025-05-01,Free,Mexico,1686,0.0,0.0,0.0
2025-05-01,Free,Singapore,1744,0.0,0.0,0.0
2025-06-01,Enterprise,United States,106,193798.56,29743.87,4571.12
2025-06-01,Enterprise,Canada,73,136281.1,20916.19,3214.46
2025-06-01,Enterprise,United Kingdom,87,157292.83,24141.03,3710.06
2025-06-01,Enterprise,Germany,80,134714.57,20675.76,3177.51
2025-06-01,Enterprise,France,74,135509.28,20797.73,3196.25
2025-06-01,Enterprise,Netherlands,62,115151.76,17673.29,2716.08
2025-06-01,Enterprise,India,83,153838.88,23610.92,3628.59
2025-06-01,Enterprise,Australia,71,128787.54,19766.09,3037.71
2025-06-01,Enterprise,Japan,70,116140.2,17825.0,2739.39
2025-06-01,Enterprise,Brazil,57,108200.01,16606.35,2552.11
2025-06-01,Enterprise,Mexico,49,95244.68,14617.99,2246.53
2025-06-01,Enterprise,Singapore,54,89797.98,13782.04,2118.06
2025-06-01,Business,United States,371,172301.71,23972.41,4064.07
2025-06-01,Business,Canada,208,98672.05,13728.29,2327.37
2025-06-01,Business,United Kingdom,261,134423.46,18702.39,3170.64
2025-06-01,Business,Germany,264,120734.59,16797.86,2847.76
2025-06-01,Business,France,227,106669.03,14840.91,2516.0
2025-06-01,Business,Netherlands,195,100524.77,13986.05,2371.07
2025-06-01,Business,India,232,116997.96,16277.98,2759.63
2025-06-01,Business,Australia,217,108644.06,15115.7,2562.58
2025-06-01,Business,Japan,229,110861.36,15424.19,2614.88
2025-06-01,Business,Brazil,175,85067.89,11835.53,2006.49
2025-06-01,Business,Mexico,146,71072.6,9888.36,1676.39
2025-06-01,Business,Singapore,143,69093.95,9613.07,1629.72
2025-06-01,Starter,United States,1336,62953.99,8266.13,3563.74
2025-06-01,Starter,Canada,731,32156.63,4222.31,1820.34
2025-06-01,Starter,United Kingdom,950,47129.72,6188.34,2667.95
2025-06-01,Starter,Germany,926,48581.66,6378.98,2750.14
2025-06-01,Starter,France,759,36427.66,4783.11,2062.12
2025-06-01,Starter,Netherlands,669,32362.53,4249.34,1832.0
2025-06-01,Starter,India,865,39897.91,5238.77,2258.57
2025-06-01,Starter,Australia,715,33729.88,4428.88,1909.4
2025-06-01,Starter,Japan,705,34875.57,4579.31,1974.26
2025-06-01,Starter,Brazil,570,27358.13,3592.24,1548.71
2025-06-01,Starter,Mexico,496,21724.72,2852.55,1229.81
2025-06-01,Starter,Singapore,573,28449.06,3735.49,1610.46
2025-06-01,Free,United States,3914,0.0,0.0,0.0
2025-06-01,Free,Canada,2461,0.0,0.0,0.0
2025-06-01,Free,United Kingdom,2723,0.0,0.0,0.0
2025-06-01,Free,Germany,2890,0.0,0.0,0.0
2025-06-01,Free,France,2434,0.0,0.0,0.0
2025-06-01,Free,Netherlands,2089,0.0,0.0,0.0
2025-06-01,Free,India,2543,0.0,0.0,0.0
2025-06-01,Free,Australia,2218,0.0,0.0,0.0
2025-06-01,Free,Japan,2504,0.0,0.0,0.0
2025-06-01,Free,Brazil,1792,0.0,0.0,0.0
2025-06-01,Free,Mexico,1508,0.0,0.0,0.0
2025-06-01,Free,Singapore,1731,0.0,0.0,0.0
2025-07-01,Enterprise,United States,122,210956.48,32789.97,4907.03
2025-07-01,Enterprise,Canada,62,107574.44,16720.81,2502.28
2025-07-01,Enterprise,United Kingdom,95,167683.4,26063.83,3900.46
2025-07-01,Enterprise,Germany,89,167226.98,25992.89,3889.84
2025-07-01,Enterprise,France,70,123794.96,19242.04,2879.58
2025-07-01,Enterprise,Netherlands,62,118144.1,18363.7,2748.13
2025-07-01,Enterprise,India,88,153719.0,23893.28,3575.64
2025-07-01,Enterprise,Australia,72,131248.89,20400.64,3052.96
2025-07-01,Enterprise,Japan,70,131568.31,20450.29,3060.39
2025-07-01,Enterprise,Brazil,64,110360.51,17153.86,2567.08
2025-07-01,Enterprise,Mexico,51,89212.43,13866.71,2075.16
2025-07-01,Enterprise,Singapore,57,107124.49,16650.87,2491.81
2025-07-01,Business,United States,349,166141.77,23241.79,3864.6
2025-07-01,Business,Canada,228,108466.87,15173.57,2523.03
2025-07-01,Business,United Kingdom,277,123829.16,17322.62,2880.37
2025-07-01,Business,Germany,232,116039.25,16232.88,2699.17
2025-07-01,Business,France,226,106962.9,14963.18,2488.05
2025-07-01,Business,Netherlands,174,84020.81,11753.78,1954.4
2025-07-01,Business,India,220,104566.1,14627.89,2432.3
2025-07-01,Business,Australia,211,99776.26,13957.83,2320.88
2025-07-01,Business,Japan,198,88490.46,12379.05,2058.37
2025-07-01,Business,Brazil,166,72477.14,10138.92,1685.88
2025-07-01,Business,Mexico,149,69162.44,9675.22,1608.78
2025-07-01,Business,Singapore,152,71529.54,10006.36,1663.84
2025-07-01,Starter,United States,1193,61337.86,8060.59,3424.25
2025-07-01,Starter,Canada,711,33001.57,4336.84,1842.35
2025-07-01,Starter,United Kingdom,969,45911.3,6033.34,2563.05
2025-07-01,Starter,Germany,941,47225.83,6206.09,2636.43
2025-07-01,Starter,France,764,37405.7,4915.6,2088.21
2025-07-01,Starter,Netherlands,611,28480.28,3742.68,1589.94
2025-07-01,Starter,India,875,42081.6,5530.07,2349.25
2025-07-01,Starter,Australia,711,34029.43,4471.91,1899.73
2025-07-01,Starter,Japan,759,36623.02,4812.74,2044.52
2025-07-01,Starter,Brazil,600,29372.36,3859.91,1639.74
2025-07-01,Starter,Mexico,542,25989.89,3415.41,1450.91
2025-07-01,Starter,Singapore,551,27087.59,3559.66,1512.19
2025-07-01,Free,United States,3721,0.0,0.0,0.0
2025-07-01,Free,Canada,2297,0.0,0.0,0.0
2025-07-01,Free,United Kingdom,2778,0.0,0.0,0.0
2025-07-01,Free,Germany,2774,0.0,0.0,0.0
2025-07-01,Free,France,2545,0.0,0.0,0.0
2025-07-01,Free,Netherlands,2162,0.0,0.0,0.0
2025-07-01,Free,India,2747,0.0,0.0,0.0
2025-07-01,Free,Australia,2385,0.0,0.0,0.0
2025-07-01,Free,Japan,2289,0.0,0.0,0.0
2025-07-01,Free,Brazil,1902,0.0,0.0,0.0
2025-07-01,Free,Mexico,1609,0.0,0.0,0.0
2025-07-01,Free,Singapore,1752,0.0,0.0,0.0
2025-08-01,Enterprise,United States,117,205887.49,32404.9,4721.98
2025-08-01,Enterprise,Canada,79,152105.49,23940.08,3488.51
2025-08-01,Enterprise,United Kingdom,91,173452.89,27299.98,3978.1
2025-08-01,Enterprise,Germany,89,171687.19,27022.07,3937.61
2025-08-01,Enterprise,France,79,146504.34,23058.51,3360.05
2025-08-01,Enterprise,Netherlands,61,115537.1,18184.53,2649.82
2025-08-01,Enterprise,India,87,164452.9,25883.46,3771.69
2025-08-01,Enterprise,Australia,78,138986.03,21875.19,3187.61
2025-08-01,Enterprise,Japan,78,130750.82,20579.04,2998.74
2025-08-01,Enterprise,Brazil,57,97984.28,15421.87,2247.25
2025-08-01,Enterprise,Mexico,53,97959.81,15418.02,2246.69
2025-08-01,Enterprise,Singapore,57,103712.04,16323.37,2378.61
2025-08-01,Business,United States,400,199648.8,28081.04,4578.9
2025-08-01,Business,Canada,209,108006.35,15191.33,2477.1
2025-08-01,Business,United Kingdom,292,145851.89,20514.39,3345.08
2025-08-01,Business,Germany,228,106011.39,14910.73,2431.35
2025-08-01,Business,France,233,110904.68,15598.98,2543.57
2025-08-01,Business,Netherlands,173,83870.24,11796.53,1923.55
2025-08-01,Business,India,232,113130.77,15912.09,2594.63
2025-08-01,Business,Australia,212,108531.07,15265.13,2489.14
2025-08-01,Business,Japan,210,105796.69,14880.53,2426.42
2025-08-01,Business,Brazil,166,83536.78,11749.63,1915.9
2025-08-01,Business,Mexico,151,74098.53,10422.12,1699.43
2025-08-01,Business,Singapore,162,76021.15,10692.54,1743.53
2025-08-01,Starter,United States,1284,64605.96,8497.09,3556.14
2025-08-01,Starter,Canada,793,39618.28,5210.67,2180.73
2025-08-01,Starter,United Kingdom,954,44919.08,5907.84,2472.5
2025-08-01,Starter,Germany,810,40076.42,5270.92,2205.95
2025-08-01,Starter,France,889,43411.0,5709.49,2389.49
2025-08-01,Starter,Netherlands,621,27417.71,3606.02,1509.17
2025-08-01,Starter,India,860,40538.07,5331.64,2231.36
2025-08-01,Starter,Australia,701,34750.51,4570.45,1912.79
2025-08-01,Starter,Japan,786,41596.7,5470.87,2289.63
2025-08-01,Starter,Brazil,642,32388.84,4259.84,1782.79
2025-08-01,Starter,Mexico,509,23775.03,3126.93,1308.66
2025-08-01,Starter,Singapore,549,27971.35,3678.84,1539.64
2025-08-01,Free,United States,3516,0.0,0.0,0.0
2025-08-01,Free,Canada,2521,0.0,0.0,0.0
2025-08-01,Free,United Kingdom,2877,0.0,0.0,0.0
2025-08-01,Free,Germany,2861,0.0,0.0,0.0
2025-08-01,Free,France,2549,0.0,0.0,0.0
2025-08-01,Free,Netherlands,2014,0.0,0.0,0.0
2025-08-01,Free,India,2770,0.0,0.0,0.0
2025-08-01,Free,Australia,2184,0.0,0.0,0.0
2025-08-01,Free,Japan,2614,0.0,0.0,0.0
2025-08-01,Free,Brazil,1884,0.0,0.0,0.0
2025-08-01,Free,Mexico,1625,0.0,0.0,0.0
2025-08-01,Free,Singapore,1911,0.0,0.0,0.0
2025-09-01,Enterprise,United States,128,234342.11,37341.91,5298.17
2025-09-01,Enterprise,Canada,77,143244.49,22825.7,3238.57
2025-09-01,Enterprise,United Kingdom,94,165518.96,26375.09,3742.17
2025-09-01,Enterprise,Germany,99,184458.22,29393.02,4170.36
2025-09-01,Enterprise,France,84,166022.04,26455.25,3753.54
2025-09-01,Enterprise,Netherlands,67,120178.2,19150.13,2717.07
2025-09-01,Enterprise,India,87,151037.36,24067.47,3414.76
2025-09-01,Enterprise,Australia,71,123020.24,19603.01,2781.33
2025-09-01,Enterprise,Japan,80,135595.57,21606.86,3065.64
2025-09-01,Enterprise,Brazil,62,111369.99,17746.57,2517.93
2025-09-01,Enterprise,Mexico,56,99581.2,15868.05,2251.4
2025-09-01,Enterprise,Singapore,60,112045.3,17854.17,2533.2
2025-09-01,Business,United States,380,194229.54,27466.59,4391.28
2025-09-01,Business,Canada,198,97046.87,13723.69,2194.1
2025-09-01,Business,United Kingdom,266,126271.63,17856.46,2854.84
2025-09-01,Business,Germany,275,129467.6,18308.41,2927.09
2025-09-01,Business,France,222,112358.03,15888.89,2540.27
2025-09-01,Business,Netherlands,171,86966.06,12298.14,1966.19
2025-09-01,Business,India,231,120009.56,16970.92,2713.26
2025-09-01,Business,Australia,203,100147.37,14162.14,2264.2
2025-09-01,Business,Japan,226,109425.5,15474.19,2473.97
2025-09-01,Business,Brazil,181,87235.31,12336.21,1972.28
2025-09-01,Business,Mexico,158,78177.29,11055.29,1767.49
2025-09-01,Business,Singapore,149,64456.73,9115.02,1457.28
2025-09-01,Starter,United States,1417,63505.73,8359.29,3445.88
2025-09-01,Starter,Canada,749,35935.53,4730.21,1949.89
2025-09-01,Starter,United Kingdom,903,42794.09,5633.0,2322.04
2025-09-01,Starter,Germany,986,50419.6,6636.75,2735.81
2025-09-01,Starter,France,749,37862.18,4983.82,2054.43
2025-09-01,Starter,Netherlands,659,35129.81,4624.15,1906.17
2025-09-01,Starter,India,843,38634.08,5085.42,2096.32
2025-09-01,Starter,Australia,794,42030.76,5532.53,2280.63
2025-09-01,Starter,Japan,842,42699.55,5620.56,2316.91
2025-09-01,Starter,Brazil,549,25748.56,3389.29,1397.14
2025-09-01,Starter,Mexico,502,24745.41,3257.25,1342.71
2025-09-01,Starter,Singapore,544,27227.81,3584.01,1477.4
2025-09-01,Free,United States,3730,0.0,0.0,0.0
2025-09-01,Free,Canada,2245,0.0,0.0,0.0
2025-09-01,Free,United Kingdom,2690,0.0,0.0,0.0
2025-09-01,Free,Germany,2629,0.0,0.0,0.0
2025-09-01,Free,France,2540,0.0,0.0,0.0
2025-09-01,Free,Netherlands,2148,0.0,0.0,0.0
2025-09-01,Free,India,2772,0.0,0.0,0.0
2025-09-01,Free,Australia,2179,0.0,0.0,0.0
2025-09-01,Free,Japan,2333,0.0,0.0,0.0
2025-09-01,Free,Brazil,1922,0.0,0.0,0.0
2025-09-01,Free,Mexico,1566,0.0,0.0,0.0
2025-09-01,Free,Singapore,1869,0.0,0.0,0.0
2025-10-01,Enterprise,United States,135,246753.65,39802.44,5498.32
2025-10-01,Enterprise,Canada,84,147289.83,23758.49,3282.0
2025-10-01,Enterprise,United Kingdom,91,162119.39,26150.56,3612.44
2025-10-01,Enterprise,Germany,92,162952.85,26285.0,3631.01
2025-10-01,Enterprise,France,81,143963.54,23221.94,3207.88
2025-10-01,Enterprise,Netherlands,69,120361.7,19414.87,2681.97
2025-10-01,Enterprise,India,83,148526.52,23957.97,3309.56
2025-10-01,Enterprise,Australia,77,137303.03,22147.58,3059.47
2025-10-01,Enterprise,Japan,74,132804.42,21421.93,2959.23
2025-10-01,Enterprise,Brazil,61,111807.39,18035.02,2491.36
2025-10-01,Enterprise,Mexico,52,93375.46,15061.87,2080.65
2025-10-01,Enterprise,Singapore,61,110375.14,17803.99,2459.45
2025-10-01,Business,United States,367,174252.17,24774.11,3882.79
2025-10-01,Business,Canada,210,103140.18,14663.84,2298.23
2025-10-01,Business,United Kingdom,254,118783.42,16887.9,2646.8
2025-10-01,Business,Germany,246,120454.21,17125.45,2684.03
2025-10-01,Business,France,261,119056.53,16926.73,2652.89
2025-10-01,Business,Netherlands,198,94928.09,13496.3,2115.25
2025-10-01,Business,India,273,118462.35,16842.26,2639.65
2025-10-01,Business,Australia,204,100456.98,14282.36,2238.44
2025-10-01,Business,Japan,225,110201.06,15667.72,2455.57
2025-10-01,Business,Brazil,162,77001.41,10947.59,1715.79
2025-10-01,Business,Mexico,145,76182.52,10831.17,1697.55
2025-10-01,Business,Singapore,168,82286.16,11698.95,1833.55
2025-10-01,Starter,United States,1245,65065.42,8571.66,3479.59
2025-10-01,Starter,Canada,753,37601.2,4953.55,2010.85
2025-10-01,Starter,United Kingdom,890,45551.83,6000.96,2436.03
2025-10-01,Starter,Germany,931,43739.52,5762.21,2339.11
2025-10-01,Starter,France,761,37927.94,4996.59,2028.32
2025-10-01,Starter,Netherlands,646,30516.21,4020.18,1631.95
2025-10-01,Starter,India,846,42700.43,5625.32,2283.54
2025-10-01,Starter,Australia,726,34949.66,4604.24,1869.05
2025-10-01,Starter,Japan,780,37919.57,4995.49,2027.87
2025-10-01,Starter,Brazil,596,29745.75,3918.68,1590.75
2025-10-01,Starter,Mexico,551,28565.41,3763.18,1527.63
2025-10-01,Starter,Singapore,566,27472.48,3619.2,1469.18
2025-10-01,Free,United States,4018,0.0,0.0,0.0
2025-10-01,Free,Canada,2461,0.0,0.0,0.0
2025-10-01,Free,United Kingdom,2965,0.0,0.0,0.0
2025-10-01,Free,Germany,2681,0.0,0.0,0.0
2025-10-01,Free,France,2560,0.0,0.0,0.0
2025-10-01,Free,Netherlands,2107,0.0,0.0,0.0
2025-10-01,Free,India,2507,0.0,0.0,0.0
2025-10-01,Free,Australia,2152,0.0,0.0,0.0
2025-10-01,Free,Japan,2332,0.0,0.0,0.0
2025-10-01,Free,Brazil,1973,0.0,0.0,0.0
2025-10-01,Free,Mexico,1609,0.0,0.0,0.0
2025-10-01,Free,Singapore,1699,0.0,0.0,0.0
2025-11-01,Enterprise,United States,129,221792.03,36209.96,4869.78
2025-11-01,Enterprise,Canada,86,164148.1,26798.96,3604.12
2025-11-01,Enterprise,United Kingdom,99,180610.78,29486.67,3965.58
2025-11-01,Enterprise,Germany,102,194579.27,31767.18,4272.28
2025-11-01,Enterprise,France,89,165215.38,26973.21,3627.56
2025-11-01,Enterprise,Netherlands,74,127480.55,20812.59,2799.03
2025-11-01,Enterprise,India,81,141038.35,23026.04,3096.71
2025-11-01,Enterprise,Australia,79,136956.2,22359.59,3007.08
2025-11-01,Enterprise,Japan,80,143893.96,23492.25,3159.41
2025-11-01,Enterprise,Brazil,64,110175.25,17987.31,2419.07
2025-11-01,Enterprise,Mexico,54,100780.97,16453.59,2212.8
2025-11-01,Enterprise,Singapore,61,109713.81,17911.97,2408.93
2025-11-01,Business,United States,369,187759.57,26837.37,4122.55
2025-11-01,Business,Canada,240,110596.03,15808.02,2428.3
2025-11-01,Business,United Kingdom,268,125958.35,18003.83,2765.61
2025-11-01,Business,Germany,270,129432.65,18500.43,2841.89
2025-11-01,Business,France,231,118358.93,16917.61,2598.75
2025-11-01,Business,Netherlands,198,91829.56,13125.64,2016.26
2025-11-01,Business,India,249,118852.48,16988.15,2609.59
2025-11-01,Business,Australia,232,103073.76,14732.83,2263.14
2025-11-01,Business,Japan,226,109228.65,15612.57,2398.28
2025-11-01,Business,Brazil,191,91643.17,13099.0,2012.17
2025-11-01,Business,Mexico,158,78253.23,11185.11,1718.17
2025-11-01,Business,Singapore,152,71212.65,10178.76,1563.58
2025-11-01,Starter,United States,1218,59796.67,7884.06,3151.02
2025-11-01,Starter,Canada,697,34618.36,4564.36,1824.24
2025-11-01,Starter,United Kingdom,915,45103.68,5946.82,2376.77
2025-11-01,Starter,Germany,788,38998.5,5141.87,2055.05
2025-11-01,Starter,France,801,36955.64,4872.52,1947.4
2025-11-01,Starter,Netherlands,642,32019.24,4221.67,1687.27
2025-11-01,Starter,India,927,44083.08,5812.26,2322.99
2025-11-01,Starter,Australia,725,34196.38,4508.72,1802.0
2025-11-01,Starter,Japan,781,36008.72,4747.67,1897.5
2025-11-01,Starter,Brazil,584,28595.07,3770.2,1506.84
2025-11-01,Starter,Mexico,509,24428.03,3220.78,1287.25
2025-11-01,Starter,Singapore,545,25834.3,3406.2,1361.36
2025-11-01,Free,United States,4185,0.0,0.0,0.0
2025-11-01,Free,Canada,2213,0.0,0.0,0.0
2025-11-01,Free,United Kingdom,3043,0.0,0.0,0.0
2025-11-01,Free,Germany,3079,0.0,0.0,0.0
2025-11-01,Free,France,2709,0.0,0.0,0.0
2025-11-01,Free,Netherlands,2147,0.0,0.0,0.0
2025-11-01,Free,India,2677,0.0,0.0,0.0
2025-11-01,Free,Australia,2098,0.0,0.0,0.0
2025-11-01,Free,Japan,2260,0.0,0.0,0.0
2025-11-01,Free,Brazil,1712,0.0,0.0,0.0
2025-11-01,Free,Mexico,1501,0.0,0.0,0.0
2025-11-01,Free,Singapore,1761,0.0,0.0,0.0
2025-12-01,Enterprise,United States,130,232330.55,38385.05,5025.41
2025-12-01,Enterprise,Canada,85,151908.73,25097.96,3285.85
2025-12-01,Enterprise,United Kingdom,104,186341.54,30786.86,4030.65
2025-12-01,Enterprise,Germany,102,189161.43,31252.76,4091.64
2025-12-01,Enterprise,France,92,164667.1,27205.87,3561.82
2025-12-01,Enterprise,Netherlands,70,111790.65,18469.76,2418.08
2025-12-01,Enterprise,India,86,147874.02,24431.36,3198.58
2025-12-01,Enterprise,Australia,83,146255.4,24163.94,3163.57
2025-12-01,Enterprise,Japan,79,140209.26,23165.01,3032.79
2025-12-01,Enterprise,Brazil,63,108032.72,17848.88,2336.79
2025-12-01,Enterprise,Mexico,52,96912.97,16011.71,2096.27
2025-12-01,Enterprise,Singapore,65,115994.19,19164.26,2509.0
2025-12-01,Business,United States,382,189152.46,27180.39,4091.45
2025-12-01,Business,Canada,218,105558.22,15168.26,2283.27
2025-12-01,Business,United Kingdom,261,115131.79,16543.94,2490.35
2025-12-01,Business,Germany,254,126839.47,18226.28,2743.59
2025-12-01,Business,France,235,106646.44,15324.63,2306.81
2025-12-01,Business,Netherlands,199,99849.84,14347.99,2159.8
2025-12-01,Business,India,239,117055.97,16820.43,2531.97
2025-12-01,Business,Australia,242,114113.78,16397.65,2468.33
2025-12-01,Business,Japan,230,106893.43,15360.12,2312.15
2025-12-01,Business,Brazil,168,76096.97,10934.8,1646.01
2025-12-01,Business,Mexico,161,78573.25,11290.63,1699.57
2025-12-01,Business,Singapore,165,85577.06,12297.05,1851.07
2025-12-01,Starter,United States,1237,60830.27,8026.95,3157.88
2025-12-01,Starter,Canada,776,36996.64,4881.95,1920.61
2025-12-01,Starter,United Kingdom,887,42498.08,5607.9,2206.2
2025-12-01,Starter,Germany,839,41272.37,5446.16,2142.57
2025-12-01,Starter,France,802,38299.4,5053.86,1988.24
2025-12-01,Starter,Netherlands,587,28050.23,3701.41,1456.17
2025-12-01,Starter,India,784,37615.08,4963.56,1952.71
2025-12-01,Starter,Australia,738,38318.92,5056.43,1989.25
2025-12-01,Starter,Japan,818,37893.35,5000.27,1967.16
2025-12-01,Starter,Brazil,610,29153.54,3847.0,1513.45
2025-12-01,Starter,Mexico,518,27220.62,3591.94,1413.11
2025-12-01,Starter,Singapore,579,28835.22,3805.0,1496.92
2025-12-01,Free,United States,3969,0.0,0.0,0.0
2025-12-01,Free,Canada,2370,0.0,0.0,0.0
2025-12-01,Free,United Kingdom,3257,0.0,0.0,0.0
2025-12-01,Free,Germany,2836,0.0,0.0,0.0
2025-12-01,Free,France,2659,0.0,0.0,0.0
2025-12-01,Free,Netherlands,2335,0.0,0.0,0.0
2025-12-01,Free,India,2523,0.0,0.0,0.0
2025-12-01,Free,Australia,2453,0.0,0.0,0.0
2025-12-01,Free,Japan,2693,0.0,0.0,0.0
2025-12-01,Free,Brazil,2042,0.0,0.0,0.0
2025-12-01,Free,Mexico,1766,0.0,0.0,0.0
2025-12-01,Free,Singapore,1793,0.0,0.0,0.0
2026-01-01,Enterprise,United States,151,282701.64,47260.34,6022.77
2026-01-01,Enterprise,Canada,86,146715.82,24527.06,3125.68
2026-01-01,Enterprise,United Kingdom,100,188073.97,31441.06,4006.79
2026-01-01,Enterprise,Germany,98,177744.43,29714.23,3786.73
2026-01-01,Enterprise,France,90,159233.71,26619.72,3392.37
2026-01-01,Enterprise,Netherlands,77,127791.48,21363.4,2722.51
2026-01-01,Enterprise,India,102,195591.91,32697.86,4166.96
2026-01-01,Enterprise,Australia,83,154074.39,25757.22,3282.45
2026-01-01,Enterprise,Japan,85,164795.55,27549.52,3510.86
2026-01-01,Enterprise,Brazil,65,112543.07,18814.27,2397.66
2026-01-01,Enterprise,Mexico,58,102217.77,17088.14,2177.68
2026-01-01,Enterprise,Singapore,61,117300.63,19609.61,2499.01
2026-01-01,Business,United States,345,170227.3,24590.44,3626.58
2026-01-01,Business,Canada,214,103371.64,14932.71,2202.27
2026-01-01,Business,United Kingdom,290,140907.7,20355.04,3001.95
2026-01-01,Business,Germany,248,119218.07,17221.83,2539.86
2026-01-01,Business,France,248,128734.08,18596.48,2742.6
2026-01-01,Business,Netherlands,201,91810.51,13262.63,1955.96
2026-01-01,Business,India,244,112676.57,16276.87,2400.5
2026-01-01,Business,Australia,235,116508.55,16830.42,2482.14
2026-01-01,Business,Japan,213,99893.45,14430.26,2128.16
2026-01-01,Business,Brazil,197,91173.92,13170.67,1942.4
2026-01-01,Business,Mexico,160,75741.87,10941.41,1613.63
2026-01-01,Business,Singapore,172,80916.88,11688.97,1723.88
2026-01-01,Starter,United States,1178,55442.06,7321.97,2834.78
2026-01-01,Starter,Canada,765,39664.27,5238.27,2028.05
2026-01-01,Starter,United Kingdom,927,46208.23,6102.5,2362.65
2026-01-01,Starter,Germany,914,42818.79,5654.87,2189.34
2026-01-01,Starter,France,756,38010.24,5019.83,1943.48
2026-01-01,Starter,Netherlands,670,31758.97,4194.26,1623.85
2026-01-01,Starter,India,767,36558.35,4828.09,1869.24
2026-01-01,Starter,Australia,707,35192.45,4647.7,1799.41
2026-01-01,Starter,Japan,750,36509.63,4821.65,1866.75
2026-01-01,Starter,Brazil,635,31667.35,4182.16,1619.17
2026-01-01,Starter,Mexico,502,25635.71,3385.59,1310.76
2026-01-01,Starter,Singapore,574,30077.5,3972.19,1537.88
2026-01-01,Free,United States,3951,0.0,0.0,0.0
2026-01-01,Free,Canada,2369,0.0,0.0,0.0
2026-01-01,Free,United Kingdom,2871,0.0,0.0,0.0
2026-01-01,Free,Germany,2963,0.0,0.0,0.0
2026-01-01,Free,France,2548,0.0,0.0,0.0
2026-01-01,Free,Netherlands,2104,0.0,0.0,0.0
2026-01-01,Free,India,2850,0.0,0.0,0.0
2026-01-01,Free,Australia,2429,0.0,0.0,0.0
2026-01-01,Free,Japan,2487,0.0,0.0,0.0
2026-01-01,Free,Brazil,1914,0.0,0.0,0.0
2026-01-01,Free,Mexico,1822,0.0,0.0,0.0
2026-01-01,Free,Singapore,1814,0.0,0.0,0.0
2026-02-01,Enterprise,United States,131,237095.76,40100.11,4973.86
2026-02-01,Enterprise,Canada,82,140713.81,23798.99,2951.93
2026-02-01,Enterprise,United Kingdom,103,184146.13,31144.72,3863.07
2026-02-01,Enterprise,Germany,96,173547.5,29352.16,3640.72
2026-02-01,Enterprise,France,83,152456.02,25784.95,3198.26
2026-02-01,Enterprise,Netherlands,76,148320.7,25085.54,3111.51
2026-02-01,Enterprise,India,99,175397.71,29665.09,3679.54
2026-02-01,Enterprise,Australia,81,148218.92,25068.33,3109.38
2026-02-01,Enterprise,Japan,89,151379.79,25602.93,3175.68
2026-02-01,Enterprise,Brazil,63,116707.16,19738.73,2448.31
2026-02-01,Enterprise,Mexico,59,101250.72,17124.58,2124.06
2026-02-01,Enterprise,Singapore,68,123537.84,20894.01,2591.61
2026-02-01,Business,United States,379,180034.96,26144.21,3776.82
2026-02-01,Business,Canada,235,112057.46,16272.69,2350.77
2026-02-01,Business,United Kingdom,283,140525.36,20406.73,2947.98
2026-02-01,Business,Germany,258,125109.51,18168.08,2624.58
2026-02-01,Business,France,247,124173.73,18032.19,2604.95
2026-02-01,Business,Netherlands,204,101374.89,14721.4,2126.67
2026-02-01,Business,India,271,136651.9,19844.23,2866.72
2026-02-01,Business,Australia,216,102843.54,14934.67,2157.48
2026-02-01,Business,Japan,234,121672.57,17668.97,2552.48
2026-02-01,Business,Brazil,197,96724.02,14046.01,2029.1
2026-02-01,Business,Mexico,163,78640.63,11419.99,1649.74
2026-02-01,Business,Singapore,184,88082.6,12791.13,1847.82
2026-02-01,Starter,United States,1322,65943.51,8716.01,3320.11
2026-02-01,Starter,Canada,722,37213.83,4918.7,1873.64
2026-02-01,Starter,United Kingdom,972,47907.02,6332.06,2412.01
2026-02-01,Starter,Germany,855,43274.33,5719.74,2178.77
2026-02-01,Starter,France,777,36440.24,4816.45,1834.69
2026-02-01,Starter,Netherlands,700,34338.67,4538.68,1728.88
2026-02-01,Starter,India,861,43582.41,5760.46,2194.28
2026-02-01,Starter,Australia,788,37100.9,4903.77,1867.95
2026-02-01,Starter,Japan,709,36359.31,4805.75,1830.61
2026-02-01,Starter,Brazil,601,29780.07,3936.15,1499.36
2026-02-01,Starter,Mexico,539,28102.55,3714.42,1414.9
2026-02-01,Starter,Singapore,544,26193.28,3462.07,1318.77
2026-02-01,Free,United States,3727,0.0,0.0,0.0
2026-02-01,Free,Canada,2445,0.0,0.0,0.0
2026-02-01,Free,United Kingdom,3344,0.0,0.0,0.0
2026-02-01,Free,Germany,2681,0.0,0.0,0.0
2026-02-01,Free,France,2683,0.0,0.0,0.0
2026-02-01,Free,Netherlands,2025,0.0,0.0,0.0
2026-02-01,Free,India,2593,0.0,0.0,0.0
2026-02-01,Free,Australia,2247,0.0,0.0,0.0
2026-02-01,Free,Japan,2405,0.0,0.0,0.0
2026-02-01,Free,Brazil,1919,0.0,0.0,0.0
2026-02-01,Free,Mexico,1604,0.0,0.0,0.0
2026-02-01,Free,Singapore,1609,0.0,0.0,0.0
2026-03-01,Enterprise,United States,149,254633.8,43564.52,5258.74
2026-03-01,Enterprise,Canada,83,148467.16,25400.79,3066.17
2026-03-01,Enterprise,United Kingdom,109,190301.87,32558.17,3930.15
2026-03-01,Enterprise,Germany,110,196605.15,33636.58,4060.32
2026-03-01,Enterprise,France,89,160255.25,27417.58,3309.62
2026-03-01,Enterprise,Netherlands,80,135857.12,23243.38,2805.74
2026-03-01,Enterprise,India,94,177115.04,30302.07,3657.81
2026-03-01,Enterprise,Australia,86,155354.54,26579.14,3208.41
2026-03-01,Enterprise,Japan,98,188469.81,32244.73,3892.31
2026-03-01,Enterprise,Brazil,66,112222.69,19199.84,2317.64
2026-03-01,Enterprise,Mexico,61,114182.46,19535.13,2358.12
2026-03-01,Enterprise,Singapore,64,117466.15,20096.93,2425.93
2026-03-01,Business,United States,378,187669.14,27395.61,3875.78
2026-03-01,Business,Canada,218,105836.15,15449.78,2185.75
2026-03-01,Business,United Kingdom,300,142983.01,20872.41,2952.91
2026-03-01,Business,Germany,276,132940.58,19406.43,2745.51
2026-03-01,Business,France,258,120333.9,17566.13,2485.16
2026-03-01,Business,Netherlands,216,97357.29,14212.05,2010.64
2026-03-01,Business,India,278,135503.7,19780.59,2798.45
2026-03-01,Business,Australia,236,119034.39,17376.43,2458.32
2026-03-01,Business,Japan,243,123259.84,17993.26,2545.58
2026-03-01,Business,Brazil,195,94008.3,13723.17,1941.48
2026-03-01,Business,Mexico,168,85370.11,12462.18,1763.08
2026-03-01,Business,Singapore,159,77133.43,11259.8,1592.97
2026-03-01,Starter,United States,1146,56457.13,7468.3,2798.31
2026-03-01,Starter,Canada,756,37047.54,4900.75,1836.27
2026-03-01,Starter,United Kingdom,1002,51520.07,6815.21,2553.6
2026-03-01,Starter,Germany,935,41165.01,5445.41,2040.35
2026-03-01,Starter,France,863,41328.78,5467.08,2048.47
2026-03-01,Starter,Netherlands,575,28431.01,3760.93,1409.19
2026-03-01,Starter,India,840,40646.11,5376.77,2014.63
2026-03-01,Starter,Australia,793,38522.72,5095.89,1909.39
2026-03-01,Starter,Japan,738,37653.99,4980.97,1866.33
2026-03-01,Starter,Brazil,583,29828.74,3945.82,1478.47
2026-03-01,Starter,Mexico,493,24908.31,3294.94,1234.59
2026-03-01,Starter,Singapore,624,31892.89,4218.87,1580.78
2026-03-01,Free,United States,4020,0.0,0.0,0.0
2026-03-01,Free,Canada,2412,0.0,0.0,0.0
2026-03-01,Free,United Kingdom,3315,0.0,0.0,0.0
2026-03-01,Free,Germany,2619,0.0,0.0,0.0
2026-03-01,Free,France,2689,0.0,0.0,0.0
2026-03-01,Free,Netherlands,2035,0.0,0.0,0.0
2026-03-01,Free,India,2620,0.0,0.0,0.0
2026-03-01,Free,Australia,2503,0.0,0.0,0.0
2026-03-01,Free,Japan,2528,0.0,0.0,0.0
2026-03-01,Free,Brazil,1840,0.0,0.0,0.0
2026-03-01,Free,Mexico,1831,0.0,0.0,0.0
2026-03-01,Free,Singapore,1939,0.0,0.0,0.0
2026-04-01,Enterprise,United States,161,302189.26,52291.88,6142.33
2026-04-01,Enterprise,Canada,89,156371.53,27059.07,3178.42
2026-04-01,Enterprise,United Kingdom,116,201398.92,34850.77,4093.65
2026-04-01,Enterprise,Germany,103,182551.96,31589.43,3710.57
2026-04-01,Enterprise,France,93,160136.12,27710.51,3254.94
2026-04-01,Enterprise,Netherlands,77,143398.22,24814.13,2914.72
2026-04-01,Enterprise,India,92,152452.9,26380.98,3098.77
2026-04-01,Enterprise,Australia,84,151803.35,26268.58,3085.57
2026-04-01,Enterprise,Japan,93,169623.67,29352.27,3447.79
2026-04-01,Enterprise,Brazil,72,140827.63,24369.3,2862.47
2026-04-01,Enterprise,Mexico,63,114053.36,19736.19,2318.26
2026-04-01,Enterprise,Singapore,69,125986.31,21801.11,2560.81
2026-04-01,Business,United States,393,191302.63,28071.58,3888.43
2026-04-01,Business,Canada,230,108763.88,15959.92,2210.74
2026-04-01,Business,United Kingdom,314,141002.38,20690.57,2866.03
2026-04-01,Business,Germany,271,126758.32,18600.41,2576.5
2026-04-01,Business,France,257,118184.16,17342.24,2402.22
2026-04-01,Business,Netherlands,208,101333.5,14869.59,2059.71
2026-04-01,Business,India,273,135844.87,19933.76,2761.19
2026-04-01,Business,Australia,230,107929.18,15837.43,2193.78
2026-04-01,Business,Japan,241,108761.38,15959.55,2210.69
2026-04-01,Business,Brazil,201,93034.72,13651.83,1891.03
2026-04-01,Business,Mexico,159,75157.8,11028.59,1527.66
2026-04-01,Business,Singapore,194,91132.81,13372.75,1852.37
2026-04-01,Starter,United States,1260,65139.27,8623.87,3177.66
2026-04-01,Starter,Canada,769,36754.11,4865.92,1792.96
2026-04-01,Starter,United Kingdom,991,48152.52,6374.97,2349.01
2026-04-01,Starter,Germany,932,48141.42,6373.51,2348.46
2026-04-01,Starter,France,774,36383.97,4816.92,1774.9
2026-04-01,Starter,Netherlands,641,32177.16,4259.98,1569.69
2026-04-01,Starter,India,938,47129.41,6239.52,2299.1
2026-04-01,Starter,Australia,764,36898.31,4885.02,1800.0
2026-04-01,Starter,Japan,776,38543.94,5102.88,1880.27
2026-04-01,Starter,Brazil,561,27115.65,3589.88,1322.77
2026-04-01,Starter,Mexico,507,24956.81,3304.06,1217.46
2026-04-01,Starter,Singapore,596,29468.35,3901.35,1437.54
2026-04-01,Free,United States,4377,0.0,0.0,0.0
2026-04-01,Free,Canada,2554,0.0,0.0,0.0
2026-04-01,Free,United Kingdom,3084,0.0,0.0,0.0
2026-04-01,Free,Germany,2899,0.0,0.0,0.0
2026-04-01,Free,France,2534,0.0,0.0,0.0
2026-04-01,Free,Netherlands,2173,0.0,0.0,0.0
2026-04-01,Free,India,2962,0.0,0.0,0.0
2026-04-01,Free,Australia,2569,0.0,0.0,0.0
2026-04-01,Free,Japan,2440,0.0,0.0,0.0
2026-04-01,Free,Brazil,1952,0.0,0.0,0.0
2026-04-01,Free,Mexico,1652,0.0,0.0,0.0
2026-04-01,Free,Singapore,1901,0.0,0.0,0.0
2026-05-01,Enterprise,United States,146,266162.31,46578.4,5323.25
2026-05-01,Enterprise,Canada,89,162503.04,28438.03,3250.06
2026-05-01,Enterprise,United Kingdom,115,208723.78,36526.66,4174.48
2026-05-01,Enterprise,Germany,103,181371.21,31739.96,3627.42
2026-05-01,Enterprise,France,98,167946.15,29390.58,3358.92
2026-05-01,Enterprise,Netherlands,85,154072.88,26962.75,3081.46
2026-05-01,Enterprise,India,103,178520.03,31241.01,3570.4
2026-05-01,Enterprise,Australia,87,153553.05,26871.78,3071.06
2026-05-01,Enterprise,Japan,86,148262.73,25945.98,2965.25
2026-05-01,Enterprise,Brazil,78,134763.33,23583.58,2695.27
2026-05-01,Enterprise,Mexico,63,117512.06,20564.61,2350.24
2026-05-01,Enterprise,Singapore,66,120112.59,21019.7,2402.25
2026-05-01,Business,United States,396,186952.51,27575.5,3739.05
2026-05-01,Business,Canada,249,117830.13,17379.94,2356.6
2026-05-01,Business,United Kingdom,268,123017.81,18145.13,2460.36
2026-05-01,Business,Germany,278,137062.08,20216.66,2741.24
2026-05-01,Business,France,243,122257.31,18032.95,2445.15
2026-05-01,Business,Netherlands,189,88316.16,13026.63,1766.32
2026-05-01,Business,India,266,125429.58,18500.86,2508.59
2026-05-01,Business,Australia,223,109928.91,16214.51,2198.58
2026-05-01,Business,Japan,228,106350.44,15686.69,2127.01
2026-05-01,Business,Brazil,189,84672.04,12489.13,1693.44
2026-05-01,Business,Mexico,162,78003.66,11505.54,1560.07
2026-05-01,Business,Singapore,179,89292.0,13170.57,1785.84
2026-05-01,Starter,United States,1232,62110.06,8229.58,2981.28
2026-05-01,Starter,Canada,760,36342.73,4815.41,1744.45
2026-05-01,Starter,United Kingdom,892,45291.42,6001.11,2173.99
2026-05-01,Starter,Germany,818,41079.64,5443.05,1971.82
2026-05-01,Starter,France,802,40786.87,5404.26,1957.77
2026-05-01,Starter,Netherlands,632,28935.43,3833.94,1388.9
2026-05-01,Starter,India,856,42642.16,5650.09,2046.82
2026-05-01,Starter,Australia,760,37164.83,4924.34,1783.91
2026-05-01,Starter,Japan,762,36793.92,4875.19,1766.11
2026-05-01,Starter,Brazil,624,29081.27,3853.27,1395.9
2026-05-01,Starter,Mexico,515,25384.75,3363.48,1218.47
2026-05-01,Starter,Singapore,609,29340.46,3887.61,1408.34
2026-05-01,Free,United States,3992,0.0,0.0,0.0
2026-05-01,Free,Canada,2518,0.0,0.0,0.0
2026-05-01,Free,United Kingdom,2995,0.0,0.0,0.0
2026-05-01,Free,Germany,2895,0.0,0.0,0.0
2026-05-01,Free,France,2726,0.0,0.0,0.0
2026-05-01,Free,Netherlands,2092,0.0,0.0,0.0
2026-05-01,Free,India,2569,0.0,0.0,0.0
2026-05-01,Free,Australia,2357,0.0,0.0,0.0
2026-05-01,Free,Japan,2685,0.0,0.0,0.0
2026-05-01,Free,Brazil,2140,0.0,0.0,0.0
2026-05-01,Free,Mexico,1717,0.0,0.0,0.0
2026-05-01,Free,Singapore,1933,0.0,0.0,0.0
